age,gender,bmi,children,smoker,region,expenses
49,male,27.6,3,no,northeast,5549.41
55,female,47.1,3,no,southeast,20091.97
46,female,31.5,2,yes,northwest,15111.73
26,female,29.9,1,no,southwest,11931.21
25,female,26.5,1,no,northwest,3280.9
27,male,40.8,3,no,southeast,9684.28
42,female,24.5,4,no,northeast,12400.56
48,male,33.2,1,no,southeast,6422.88
58,female,22.2,0,no,southwest,4232.42
19,female,34.7,0,no,southwest,1467.66
33,male,42.4,1,no,southeast,8599.7
59,male,27.4,1,no,southwest,5389.5
29,female,21.8,1,no,northeast,5752.2
37,male,27.6,0,no,northeast,1949.25
20,male,33.3,0,no,northwest,14019.47
27,female,40.2,0,no,southeast,14390.43
63,male,34.6,0,no,northeast,13178.72
54,male,22.8,3,no,southwest,6853.77
52,male,24.7,0,no,southeast,3074.34
56,male,25.7,0,no,northeast,2060.22
36,female,29.8,1,no,southeast,4080.82
39,female,27.6,0,no,southwest,4623.12
59,female,38.3,1,no,southeast,12826.61
25,female,28.9,0,no,northeast,3275.73
42,male,17.4,0,no,northwest,6645.79
30,female,39.2,1,no,southwest,7103.81
45,female,32.1,2,no,southwest,6139.63
31,male,32.1,2,yes,northwest,43273.09
43,male,35.2,0,no,northwest,8790.79
30,female,33.4,0,no,southeast,12966.46
60,male,27.8,0,no,northeast,13253.99
40,female,36.0,1,no,northeast,8596.35
55,male,28.3,3,no,northwest,11446.08
50,male,20.4,3,no,southwest,25310.48
21,male,34.1,0,no,southeast,1372.73
50,male,25.5,3,no,northeast,7205.16
36,male,32.8,0,yes,southeast,17936.89
29,female,24.6,1,no,northeast,21480.14
60,male,36.8,3,no,southeast,6661.14
56,male,30.5,0,no,southwest,21213.86
30,male,24.3,1,yes,northwest,22343.23
48,female,34.1,2,yes,southeast,48529.83
43,male,40.3,3,no,southwest,8783.08
45,male,30.3,0,no,southwest,4826.35
47,male,25.6,1,no,southeast,2744.84
22,female,38.2,2,no,southeast,4858.58
23,male,30.2,3,no,northwest,7617.31
35,female,20.5,0,yes,northwest,3995.32
38,male,24.9,3,no,northwest,6670.37
58,female,34.4,0,no,northeast,46238.03
50,male,31.2,0,no,southeast,19475.29
47,female,27.7,0,no,southeast,8970.79
56,female,33.1,1,no,northeast,3967.3
47,female,20.6,0,no,northwest,1168.25
32,male,37.8,1,yes,northwest,33054.14
35,female,34.7,3,no,northwest,7939.44
19,male,29.9,1,no,southwest,5023.17
57,female,36.2,0,no,northwest,12214.25
39,male,20.4,3,yes,southwest,31581.73
18,female,31.2,1,no,southeast,2448.41
18,female,22.5,3,no,southwest,1219.82
55,male,34.5,0,yes,southeast,35149.38
63,female,37.1,0,no,northeast,13755.09
46,female,34.8,0,no,southeast,12595.04
29,female,23.8,1,yes,southwest,16490.08
57,female,29.5,0,no,northeast,8812.96
37,female,25.0,1,no,northwest,6072.87
31,male,32.0,1,yes,southeast,37935.38
56,female,23.6,1,no,northwest,5326.19
51,female,43.2,2,yes,southeast,15477.0
28,female,34.4,0,yes,southeast,35031.32
26,male,24.1,3,no,northwest,13838.45
39,female,21.5,0,no,southwest,3463.5
45,male,24.5,5,no,southeast,1657.17
62,female,28.6,0,no,northeast,11411.48
46,female,20.0,0,no,northwest,4053.07
18,male,36.3,3,no,northeast,1204.58
55,male,25.6,1,no,northeast,5629.66
25,male,34.9,2,yes,southwest,42697.65
36,female,17.5,2,no,southwest,5429.45
44,female,33.8,2,no,northwest,6225.09
18,female,31.4,0,no,southeast,1615.67
30,female,34.1,1,no,southeast,38826.12
34,female,31.5,0,no,southwest,20228.1
34,male,31.7,0,yes,southeast,34268.32
50,female,23.8,1,yes,northeast,26107.9
21,female,21.8,0,no,northwest,2127.87
40,male,32.4,1,no,northwest,6196.04
50,male,37.4,1,no,southwest,8479.89
41,female,20.8,3,no,northwest,7818.05
27,female,39.5,2,no,southeast,4115.94
41,male,28.1,0,no,southeast,22324.66
18,male,30.7,0,no,southeast,1706.96
50,male,32.7,1,no,northwest,10906.9
48,female,27.0,3,no,northeast,9654.16
63,male,24.8,0,yes,northeast,3149.63
19,male,31.8,0,no,northwest,1732.22
29,female,37.5,2,no,southwest,7973.56
43,male,21.8,1,no,southeast,14327.44
19,female,22.8,1,no,southeast,5897.12
63,female,22.6,0,no,northeast,3894.63
42,female,25.6,0,no,southwest,8005.7
45,male,44.8,2,no,northwest,7234.74
46,female,39.4,1,no,southwest,12536.21
40,female,26.7,0,yes,southeast,23998.44
27,female,22.2,0,no,southeast,4629.11
41,male,23.8,1,yes,northeast,16881.88
35,male,23.2,2,no,northeast,9992.26
59,female,27.9,0,yes,southwest,30841.45
62,female,30.5,2,no,northwest,2250.56
25,female,28.2,0,no,southeast,3582.78
28,female,20.7,1,no,southwest,4495.16
50,male,42.1,1,no,northeast,8517.95
62,male,29.0,5,yes,northwest,42081.48
63,female,38.3,0,no,northeast,2249.88
55,male,27.6,3,no,southwest,1842.05
34,female,23.0,3,no,northwest,10280.96
24,female,27.8,1,no,southwest,4236.46
40,female,32.3,4,no,northeast,11523.32
18,male,35.7,3,no,southeast,1678.88
44,male,31.1,1,yes,southeast,43285.6
49,male,23.5,0,yes,northeast,40488.4
56,female,36.9,0,yes,southwest,45237.97
21,female,27.9,0,no,northeast,2961.5
40,male,39.9,2,no,northeast,6613.47
20,male,29.2,1,no,southeast,9634.38
43,male,34.2,0,no,southeast,19379.62
42,male,25.5,1,no,northwest,8095.15
26,male,32.2,1,no,northeast,37390.67
41,female,29.0,2,no,northwest,4869.61
36,male,31.3,4,no,southeast,9752.53
36,female,46.1,2,no,southeast,9817.79
42,female,41.8,1,no,southeast,7808.39
42,male,44.5,1,no,southeast,7792.8
55,male,29.2,1,no,southeast,6984.21
19,female,23.7,0,no,southeast,2107.45
52,female,28.9,0,no,northwest,1607.82
61,female,26.6,0,no,northwest,2051.55
19,female,27.2,0,no,northwest,11077.96
53,male,31.9,0,no,southwest,10816.21
26,male,25.7,0,no,southeast,25927.52
52,male,30.2,1,no,southwest,7924.87
27,male,27.7,3,no,northwest,2067.64
47,male,26.6,1,yes,northeast,22605.8
51,male,36.9,3,no,northwest,1435.87
61,male,27.9,3,no,northwest,8994.12
25,female,34.2,2,no,southeast,4041.75
31,male,23.0,2,yes,southwest,17476.25
46,female,33.4,1,no,northwest,13089.12
29,male,20.0,2,no,northwest,18703.15
24,female,34.8,2,yes,northeast,27391.87
34,female,33.4,2,no,northwest,6117.51
61,female,32.5,0,no,southwest,12506.75
45,male,28.4,0,no,northwest,1809.44
20,female,26.5,0,no,northeast,11874.93
50,male,20.3,3,no,northwest,8707.49
39,female,31.7,1,no,southeast,6251.13
56,female,25.4,0,no,northwest,5670.42
54,female,39.4,0,no,southwest,12177.54
58,female,38.1,3,yes,northwest,32808.31
33,female,42.3,2,no,southwest,9696.64
31,female,27.3,1,no,southeast,4938.45
40,male,33.7,0,no,southwest,5952.31
33,male,31.1,0,no,northeast,7368.94
53,male,23.4,3,no,northeast,13242.22
44,male,24.2,1,no,northwest,5399.52
49,female,28.5,3,no,southwest,11088.21
31,female,25.7,2,yes,southwest,47722.03
25,male,27.2,1,no,southeast,11265.82
32,male,21.8,1,no,southeast,4166.77
40,male,27.3,1,no,northwest,25301.09
46,male,30.1,0,no,southwest,13721.99
29,male,21.8,1,no,southwest,11697.14
62,male,24.6,2,yes,southwest,27922.48
63,female,25.2,2,no,southwest,15066.2
53,female,34.1,2,no,southwest,3503.62
30,female,39.1,2,yes,southeast,32670.26
58,female,45.6,0,no,northwest,9437.13
42,male,22.6,2,no,northwest,5074.09
18,male,34.2,0,no,southeast,1723.94
52,female,38.0,2,no,northwest,13126.99
51,female,36.7,1,no,northwest,8640.96
53,male,28.9,2,no,southeast,4963.08
29,female,29.6,1,no,northeast,4873.96
44,female,32.0,0,no,northeast,7993.04
61,male,29.4,3,no,northwest,3679.75
64,female,20.5,2,no,northwest,12614.36
22,female,20.8,0,yes,northwest,17437.61
64,male,23.8,2,yes,northeast,20120.49
56,female,28.3,1,no,northwest,24545.56
59,female,38.3,1,no,northeast,12746.94
44,male,29.2,0,no,northwest,1618.27
23,female,41.0,5,no,northwest,9565.61
54,female,33.6,1,no,southwest,3841.07
18,male,36.0,0,no,southeast,2214.69
63,female,39.2,0,no,northwest,5925.62
57,male,24.4,1,no,northeast,2807.8
53,female,35.0,2,no,northeast,2246.69
37,male,32.1,2,yes,southwest,37513.88
50,male,31.4,3,no,southwest,8835.03
22,female,42.2,1,no,southeast,12167.92
22,male,34.4,0,no,northeast,8670.92
39,male,33.1,1,no,southwest,9872.6
33,female,32.9,1,no,northwest,6395.11
53,female,26.0,1,no,southeast,12420.54
23,male,27.6,0,no,southwest,1251.48
47,female,24.5,3,no,northeast,7408.05
54,male,36.9,1,no,northwest,3266.2
56,female,36.3,0,no,southwest,11044.32
33,male,27.6,0,no,northwest,2149.53
47,female,38.6,3,no,southeast,16471.68
58,male,34.1,0,no,northwest,12312.54
38,male,40.6,3,no,southwest,9660.77
24,male,33.5,0,yes,southeast,46339.86
29,male,22.7,2,yes,northeast,42802.0
52,female,32.1,1,yes,southeast,47606.81
26,female,30.6,1,yes,northeast,26807.26
32,male,28.0,0,no,southeast,3766.18
34,female,32.2,1,no,southeast,8224.51
34,female,24.7,1,no,southwest,4525.18
47,male,38.3,2,yes,southwest,51222.09
52,male,23.8,3,no,southwest,3972.98
49,male,23.2,2,no,northeast,6878.94
48,male,32.3,2,yes,northwest,42467.37
18,female,23.6,3,no,northeast,2223.63
33,female,47.2,1,no,southwest,1789.48
60,male,27.5,0,no,northwest,1856.8
18,male,32.4,3,yes,northeast,48769.99
59,male,32.2,0,no,southeast,1264.23
21,female,32.3,2,no,southeast,4344.61
18,female,28.4,1,no,northwest,1725.39
54,male,37.4,1,no,northeast,12941.38
40,female,24.9,4,no,northwest,8558.51
35,male,25.9,0,no,southwest,14172.79
30,male,30.5,3,yes,northeast,37840.05
44,male,23.9,0,no,southwest,21201.92
42,female,31.7,0,no,southeast,6019.64
18,female,39.2,0,no,southeast,1615.73
39,female,27.8,1,no,northwest,5313.97
46,female,38.2,1,no,southeast,4935.95
44,female,17.4,0,no,southeast,6309.05
52,female,34.0,5,no,southwest,9666.97
19,female,36.1,0,no,northeast,17159.43
44,male,38.8,0,no,northwest,7430.76
24,female,27.0,1,yes,southwest,8340.89
62,male,20.8,2,no,northwest,9879.32
50,female,33.2,2,no,southwest,9941.04
52,female,45.0,0,no,southwest,8276.23
52,male,28.7,0,no,northwest,10575.02
46,female,32.3,1,no,northeast,1727.98
32,female,34.8,1,no,northwest,5616.45
37,female,40.6,3,no,northeast,2164.92
45,male,28.9,3,no,northwest,12107.08
21,male,35.1,2,no,southwest,2995.25
35,female,37.4,1,no,northeast,13055.83
59,female,23.1,0,no,southeast,2425.02
37,female,27.5,0,no,northwest,13922.08
29,female,27.3,2,no,southwest,8212.68
35,male,24.5,2,no,southeast,6720.93
32,male,38.2,2,no,southeast,5169.08
43,male,22.6,2,yes,northeast,41856.53
19,female,27.3,1,no,northwest,5940.72
42,female,47.2,0,no,southeast,23455.01
45,male,25.7,0,no,southwest,11417.2
53,male,35.5,0,no,northwest,1646.27
36,female,37.1,1,no,southwest,4033.05
64,male,38.1,0,no,southwest,1797.01
21,male,34.5,0,no,northeast,2045.45
48,male,36.3,1,no,southwest,13008.55
23,female,42.2,0,no,northeast,12423.81
41,male,20.9,0,yes,northeast,21097.6
49,female,24.4,0,no,southwest,28981.56
51,male,30.3,2,no,northwest,5300.52
29,male,40.5,1,no,southeast,5788.45
52,male,31.3,3,yes,southeast,34833.43
34,male,33.3,0,no,southeast,8346.84
56,female,31.9,0,no,northwest,2787.84
62,female,32.3,3,yes,northeast,41582.54
42,male,18.8,0,no,southeast,6292.6
45,male,28.4,4,no,southwest,24152.99
22,female,24.0,1,no,northeast,4216.03
54,male,27.0,1,no,southwest,4429.08
64,female,35.6,0,no,southwest,2096.98
50,female,25.9,2,no,northwest,9131.88
29,male,29.7,3,no,northeast,5175.8
49,female,20.7,1,no,northwest,6296.65
24,male,27.6,0,no,northwest,1902.31
18,female,33.1,1,no,southwest,6371.26
24,male,26.2,1,no,southwest,7183.26
50,female,26.0,0,no,southwest,6242.86
59,female,39.5,2,no,southeast,9353.74
62,female,34.1,0,no,northwest,2032.28
37,female,40.0,1,yes,southeast,51719.82
20,female,32.3,1,no,northwest,4994.02
56,male,38.6,3,yes,southwest,34726.67
34,male,29.9,0,no,northwest,2451.35
63,female,23.0,0,no,southwest,4241.76
59,female,36.0,0,no,southwest,3002.72
18,male,41.9,0,yes,northeast,36766.05
54,male,25.2,2,no,northeast,4863.11
38,female,40.0,2,no,northwest,2599.61
51,female,46.9,4,no,southwest,2133.56
20,male,27.2,0,no,southeast,1670.06
39,female,27.4,1,no,southeast,21693.49
24,female,24.8,0,yes,southeast,14664.87
61,male,32.7,1,no,northwest,8208.1
45,female,34.8,1,yes,southeast,38347.69
42,male,28.4,0,no,southeast,6282.62
54,male,30.0,2,no,southwest,3942.21
52,female,29.5,0,no,southwest,2014.73
44,male,31.4,1,no,southwest,3911.92
41,female,32.4,2,yes,northeast,44905.05
18,male,26.7,0,no,northeast,1615.15
27,female,22.6,1,yes,northwest,19089.89
46,male,37.7,2,no,southeast,7994.82
55,female,21.9,2,yes,northwest,24157.15
48,female,23.7,2,no,northwest,9875.25
24,female,38.5,2,no,southwest,12441.82
54,male,32.3,0,no,northwest,3814.89
50,male,25.6,0,yes,northwest,14767.25
41,female,24.3,2,no,northwest,4833.93
48,female,38.0,3,no,southeast,1631.24
43,male,36.0,2,yes,southeast,44999.02
38,male,24.4,3,no,southwest,5901.61
18,male,37.6,0,no,southeast,1778.29
19,female,25.5,0,yes,southwest,15199.46
46,male,21.1,2,yes,southeast,19927.27
22,female,36.9,0,no,southeast,12421.95
28,male,29.5,0,no,southeast,3101.23
39,female,28.7,0,no,southeast,14286.49
53,female,35.1,1,no,northwest,1989.96
51,male,40.1,0,no,southwest,9876.94
37,male,25.0,1,no,southeast,28135.82
62,female,29.8,0,no,northeast,11040.69
60,female,17.3,0,no,northwest,10978.35
39,female,24.5,0,no,southeast,22323.72
50,male,39.1,2,yes,northeast,40017.27
40,male,26.8,1,no,southwest,5826.1
22,male,36.6,0,no,southeast,1988.74
48,female,26.6,0,no,southwest,22201.23
41,male,32.8,1,no,southwest,39840.11
43,female,17.3,0,no,northwest,5117.28
55,male,33.6,3,yes,southeast,31546.08
53,male,25.9,0,no,northeast,10411.82
61,female,39.6,0,no,southwest,9139.98
56,male,24.8,0,no,northwest,5305.24
38,female,27.6,1,no,southeast,5859.21
32,female,26.0,1,no,northwest,5279.78
30,male,40.4,3,yes,southeast,48330.21
38,male,32.3,2,no,southwest,1887.75
43,male,33.0,2,yes,northeast,42607.27
18,male,47.6,0,no,southeast,1694.38
29,female,35.2,0,no,northeast,10412.47
59,female,38.6,0,no,northeast,24871.81
36,female,25.2,2,no,southeast,5100.28
38,female,20.5,3,no,southwest,22923.56
61,male,35.0,1,no,southeast,6277.01
52,male,28.8,4,yes,northeast,19857.93
50,female,36.0,0,no,southeast,5163.26
25,male,33.0,1,no,southeast,2802.14
38,male,40.4,0,no,southeast,42775.89
35,male,34.2,2,no,southwest,25372.78
64,female,36.0,0,no,southeast,5595.62
22,female,40.1,2,yes,northwest,1698.26
28,male,30.0,0,no,southwest,11743.58
27,male,32.9,2,no,southwest,7078.18
57,female,47.6,0,no,northeast,10206.91
33,male,30.6,0,no,northwest,12645.0
59,male,37.4,0,no,southwest,10883.49
38,male,28.1,1,no,northeast,2637.32
50,female,34.5,1,no,northwest,10082.47
18,female,38.8,0,no,southeast,1776.21
55,male,33.4,0,no,southeast,3577.48
32,female,37.4,2,no,southeast,7246.9
48,male,32.1,2,yes,southwest,40778.57
52,male,28.8,1,yes,southeast,40400.39
20,female,34.9,3,yes,southwest,30362.31
53,male,31.9,1,yes,southeast,23618.11
23,male,34.7,0,no,northwest,14403.74
22,female,34.1,2,no,southwest,4961.11
44,female,27.9,0,no,northeast,5413.63
33,male,28.1,0,yes,southwest,18416.79
25,male,24.0,3,no,southwest,7235.1
35,female,23.9,2,no,southeast,3795.51
22,female,27.3,0,no,southeast,17039.31
51,female,24.2,2,no,northwest,12539.2
28,male,35.9,1,no,northwest,1950.89
46,male,30.1,1,no,southeast,4159.81
47,male,32.3,2,no,southeast,25369.34
34,male,23.7,0,no,northwest,2468.27
60,male,40.4,0,no,southeast,1784.61
41,male,30.9,3,yes,southwest,46958.32
31,male,30.3,3,no,northwest,18931.52
48,male,28.7,0,no,southeast,13459.77
20,male,29.4,0,no,southeast,12998.52
56,male,32.1,5,yes,southeast,43149.0
31,female,26.3,0,no,southwest,11603.61
42,male,25.6,2,no,southwest,5368.16
52,female,38.1,2,no,southeast,10167.03
42,male,28.3,1,no,northeast,7010.04
51,male,32.9,0,yes,northeast,38499.42
56,female,31.8,2,no,northwest,4394.94
62,male,35.2,0,no,northwest,2724.45
42,female,39.4,1,yes,southeast,40421.4
53,female,34.9,1,no,southwest,3198.84
50,female,25.6,0,no,northwest,3106.81
50,female,20.7,3,yes,southwest,4410.87
49,male,39.4,0,yes,southeast,38260.26
36,male,29.0,0,yes,southwest,20864.47
20,female,34.3,0,no,northwest,5680.37
20,male,36.4,1,no,northeast,9414.16
30,female,17.5,0,no,southwest,1609.14
47,female,37.2,0,no,southeast,6990.21
31,male,32.3,1,no,southwest,8161.64
24,male,27.6,0,no,northeast,12129.37
38,male,33.4,3,yes,northwest,1504.32
28,male,23.4,1,no,northwest,3248.03
52,female,30.9,3,yes,southwest,5384.36
30,female,33.2,0,no,southeast,4187.93
25,female,28.6,1,no,northwest,4917.71
20,female,30.1,0,yes,southeast,44248.59
42,female,26.8,1,no,northwest,10796.0
18,female,40.9,3,yes,southeast,33392.44
29,female,38.7,2,no,southeast,13651.42
53,female,29.4,0,yes,southeast,17295.76
40,male,24.1,3,yes,southeast,21475.28
51,male,25.3,2,no,northeast,2993.56
19,female,17.5,0,no,southwest,1641.49
50,male,26.4,0,no,northeast,8349.83
47,male,35.0,0,yes,northeast,35365.6
20,male,29.1,1,yes,southwest,23978.63
35,female,27.7,2,no,southwest,6438.83
44,female,32.1,2,no,northeast,8043.61
26,female,32.9,2,no,southwest,5825.12
58,female,23.7,0,no,northeast,12205.92
64,female,27.5,1,no,northeast,4549.07
54,female,21.9,1,no,southeast,2952.32
32,male,32.3,2,yes,southwest,41023.55
52,male,27.4,0,no,northeast,10836.32
24,male,23.2,0,no,northwest,2548.76
46,female,33.4,0,no,northwest,12238.08
47,male,30.6,2,no,southeast,6910.76
26,male,26.4,0,no,southwest,2049.84
63,female,33.1,0,no,southeast,1884.29
18,male,29.7,0,no,southwest,1722.79
30,male,38.3,3,yes,northeast,38539.54
53,male,39.3,0,no,southwest,6196.43
39,male,24.3,2,no,northeast,8543.76
38,female,20.0,0,yes,northwest,33755.49
47,female,23.2,1,no,southwest,5909.05
42,male,46.4,4,no,southeast,12408.49
53,male,26.6,0,yes,southeast,19785.87
21,male,33.6,0,no,southeast,2130.47
57,female,41.5,1,no,southeast,31016.6
18,male,30.3,0,no,southwest,1649.7
61,male,33.4,1,no,northeast,4477.42
29,female,31.1,0,yes,northeast,34407.72
33,male,29.2,2,no,southwest,6854.36
58,male,45.3,0,no,northeast,14688.17
63,female,47.3,0,no,southeast,14083.5
28,female,22.9,0,no,northwest,3146.54
33,female,24.8,2,no,northwest,5396.39
30,male,37.9,0,no,southeast,11411.26
26,female,18.8,1,no,northwest,2679.65
21,male,24.4,0,no,northwest,12207.18
52,male,32.4,5,no,northwest,10797.21
35,female,23.4,0,no,southeast,7362.21
40,female,35.9,3,no,southwest,10705.42
29,female,39.6,1,no,southwest,9190.14
29,male,32.1,0,yes,northwest,43046.48
35,female,20.6,0,no,southwest,13282.6
63,male,23.8,0,no,northwest,28701.29
43,male,27.9,1,yes,northwest,16363.53
18,male,39.9,1,no,southeast,33008.41
49,male,28.3,1,no,southwest,5482.87
19,female,32.1,0,no,southeast,5507.02
31,female,33.6,3,no,northeast,12023.34
18,female,33.4,3,yes,southeast,41616.79
48,female,41.0,3,no,northeast,12599.31
54,female,29.8,1,no,southwest,9459.56
29,male,29.9,3,no,southeast,6804.45
57,female,32.7,1,no,southwest,6301.36
48,female,20.0,3,no,northwest,7786.96
51,female,36.8,3,yes,southeast,45259.52
25,male,31.4,0,no,northwest,1666.11
19,female,28.6,0,no,northwest,11043.2
36,male,28.9,0,no,northwest,9495.74
32,female,28.7,3,yes,southeast,37615.66
57,male,25.5,0,no,northeast,8575.73
20,female,24.1,1,no,northwest,18630.84
59,male,41.7,1,yes,southeast,24557.81
59,male,23.7,0,no,southwest,12358.79
58,male,37.5,2,no,southeast,11363.59
18,male,27.2,0,no,northwest,13048.36
23,female,24.3,3,yes,northwest,7155.0
34,female,33.2,1,no,southwest,6937.65
18,female,34.1,0,no,northeast,3361.49
33,female,41.6,1,no,northwest,5338.58
42,female,27.6,0,no,northeast,10609.17
31,female,24.5,1,yes,northeast,21990.44
39,female,30.8,1,no,northeast,38412.25
46,male,39.2,1,no,southeast,6359.1
62,male,35.6,0,no,southwest,24258.48
64,female,28.1,0,no,northwest,14241.26
35,male,47.3,2,no,southeast,14433.86
49,male,18.1,1,no,northwest,4541.79
41,female,36.4,2,no,southwest,8310.1
60,female,33.1,0,no,northeast,13429.71
47,female,31.4,1,no,northwest,16886.43
18,male,26.9,0,no,southwest,1772.23
18,male,41.1,0,no,southeast,2219.47
45,male,28.9,2,no,southwest,4790.95
62,female,27.2,1,no,northwest,5194.28
26,male,32.1,0,no,southeast,7942.85
28,male,26.8,0,no,northwest,2546.86
26,male,31.8,0,yes,northwest,34653.8
42,female,31.4,1,no,northwest,3464.59
61,female,24.7,0,no,northeast,2827.99
54,female,38.4,3,no,northeast,11302.35
63,female,27.4,0,no,northeast,2003.47
45,female,21.5,3,no,southeast,10461.63
32,male,33.1,1,no,northeast,4514.67
24,male,28.4,0,no,southeast,2429.91
47,female,41.6,0,no,southeast,20442.1
25,male,40.4,0,no,northwest,8531.15
18,female,22.1,0,no,northwest,12625.03
42,male,20.5,1,no,southeast,4145.92
43,male,25.8,2,yes,southwest,23857.83
46,male,25.9,1,yes,southeast,41348.2
52,male,30.5,0,no,southeast,3723.27
59,male,27.8,2,yes,southwest,18481.02
58,female,36.3,0,no,southeast,3251.47
46,male,34.9,0,no,northwest,8923.65
26,male,29.6,0,no,northeast,5550.0
32,female,36.8,2,no,northwest,5406.17
62,male,23.2,0,no,northeast,10572.97
56,male,31.8,0,yes,northeast,47837.43
34,female,24.1,0,no,northwest,2027.2
60,male,31.8,3,yes,northeast,45775.17
29,male,28.1,3,no,southeast,11389.54
58,male,33.6,0,no,southeast,2409.57
43,female,36.1,1,no,northwest,10064.82
55,male,39.3,0,no,northeast,1641.33
49,female,30.5,0,no,southwest,4256.16
45,female,22.5,3,no,southeast,21419.17
39,male,44.2,1,no,northeast,10885.34
41,female,25.4,2,no,southwest,6675.03
64,female,31.2,0,no,northwest,3905.51
29,male,37.1,1,no,southwest,7277.13
33,male,35.6,4,no,northwest,6134.06
32,male,27.5,1,no,southwest,8247.02
19,male,26.2,0,no,northwest,5302.89
37,female,24.7,0,yes,southwest,21989.86
33,female,22.9,2,no,southeast,17971.29
44,female,27.8,4,no,northeast,8661.4
46,male,27.2,1,no,southwest,8903.43
34,male,37.0,1,no,northeast,8121.08
23,male,27.4,2,yes,southwest,39415.19
46,female,21.7,0,yes,northeast,11078.55
33,male,28.9,0,no,southwest,11158.06
32,female,31.5,0,no,southeast,13116.72
51,male,33.0,0,no,northeast,8605.42
30,female,46.1,1,no,northeast,13759.43
26,female,37.3,0,no,northeast,3456.06
63,male,29.8,0,yes,southeast,15106.42
38,male,47.6,3,no,southeast,13868.98
58,female,33.9,0,no,southeast,12589.64
32,female,43.3,3,no,northwest,6631.7
56,female,25.2,0,no,northwest,2136.3
26,female,47.7,3,no,southwest,9987.96
54,male,29.7,2,no,southeast,7200.8
64,male,47.0,1,no,northeast,14352.3
60,female,26.5,2,yes,northwest,19018.98
43,male,27.3,2,no,northwest,6230.58
62,female,32.1,3,no,northwest,15563.19
55,male,37.1,2,no,southeast,1391.74
26,male,23.8,0,no,northwest,5312.53
38,female,33.1,2,yes,northwest,35177.25
52,female,28.9,1,no,southwest,5315.83
63,male,24.2,1,no,southeast,8885.28
23,male,34.3,1,no,southeast,39917.57
30,female,30.6,0,yes,northeast,42342.54
50,male,34.0,0,yes,northwest,37006.42
33,female,30.7,3,no,southwest,5415.37
24,male,26.8,0,yes,northwest,47708.01
25,male,21.0,3,no,southwest,12065.96
41,female,27.7,2,no,southwest,4256.18
41,female,35.5,0,no,southeast,5776.91
26,female,32.8,0,no,northeast,7745.88
35,female,34.3,1,no,southeast,7183.96
54,male,30.5,0,no,southwest,3591.87
63,male,21.9,0,no,northeast,13143.14
43,male,25.0,2,no,northeast,8031.27
61,female,28.4,0,no,northwest,1629.09
18,male,24.3,0,yes,northeast,21540.36
56,female,36.8,1,yes,northwest,46282.0
24,male,33.9,0,no,northeast,4463.59
62,female,34.6,1,no,northwest,2141.42
54,female,24.0,0,no,northeast,4119.24
41,female,36.6,2,no,northeast,8355.36
27,male,35.9,2,no,southwest,10993.86
47,male,23.3,4,no,northeast,1708.24
54,male,17.3,3,no,southwest,5786.83
28,male,30.8,0,no,northwest,3049.15
37,male,45.4,1,no,southeast,21652.77
48,female,47.3,1,no,southwest,4796.53
43,male,26.4,0,no,northeast,8711.49
36,male,20.8,3,no,northwest,5391.91
38,female,24.5,2,no,northeast,6666.45
21,male,23.3,0,no,northwest,1957.26
19,female,27.1,1,yes,northeast,40927.48
20,female,39.7,0,no,southwest,14160.56
64,male,32.7,3,yes,northwest,50216.57
49,female,36.1,1,yes,northwest,46447.86
33,female,32.2,1,yes,southeast,39042.86
60,female,24.8,0,no,northwest,14188.42
40,male,30.8,1,no,northeast,9174.76
54,female,33.9,5,no,southeast,8527.15
20,female,31.0,3,no,northwest,6163.08
24,female,39.0,0,no,southeast,1901.96
18,male,29.2,1,yes,southeast,14283.99
52,female,23.8,0,no,southwest,2238.28
63,male,32.9,0,yes,northeast,48367.55
45,male,22.9,2,no,northeast,7087.31
48,female,31.3,2,no,southwest,6208.7
20,male,21.5,0,no,northeast,14440.96
33,male,44.5,0,no,northwest,21488.17
38,female,24.0,3,no,southeast,8622.3
32,male,24.7,0,yes,southwest,17933.23
44,male,34.9,0,no,northeast,10822.2
46,female,34.7,2,yes,southwest,35985.9
41,female,31.8,2,no,southeast,3438.62
38,female,39.2,2,no,northwest,10044.95
50,male,33.0,1,no,southeast,8537.32
45,male,30.0,2,no,southeast,9491.77
43,female,37.1,3,no,southwest,4934.29
56,female,21.9,0,no,southwest,11630.96
58,male,39.9,0,no,southeast,5218.82
41,male,37.1,3,yes,northeast,41988.51
44,female,28.8,2,no,northeast,8127.3
41,male,33.7,1,no,northeast,9644.88
37,male,32.3,3,no,southeast,1680.05
40,female,35.5,0,no,northeast,1663.79
18,male,32.2,2,no,northwest,30142.32
54,male,35.8,2,yes,southwest,40869.47
30,female,40.2,2,no,southwest,8889.42
19,female,28.6,1,yes,southwest,34492.65
20,female,37.9,3,no,southwest,4619.5
31,female,41.5,0,no,southeast,12641.77
55,female,38.6,4,no,southeast,6812.76
61,male,32.3,2,no,northeast,6523.09
61,female,30.1,0,no,northwest,9695.82
59,female,32.1,0,no,northeast,2124.87
19,male,31.3,4,yes,southwest,44661.87
59,male,21.9,3,no,southwest,14304.33
40,female,22.9,1,no,southwest,4147.23
47,male,20.5,0,no,southeast,6758.21
27,female,22.7,1,no,southwest,12097.97
60,female,32.1,0,no,southeast,2245.46
39,female,23.0,0,no,northeast,24111.9
29,female,32.6,1,no,southwest,4074.93
24,female,43.2,0,no,southeast,2522.63
31,female,28.7,5,no,northwest,5277.65
50,female,25.3,0,no,southeast,3915.43
33,male,22.8,2,no,southwest,1959.16
28,male,39.9,1,no,northwest,6209.38
30,female,47.0,0,no,southwest,12361.8
18,female,26.9,0,no,southeast,12841.79
64,female,28.9,1,no,southwest,10962.5
18,female,22.7,0,no,southwest,7124.47
24,female,21.5,1,no,northeast,4210.83
61,male,20.5,0,no,northeast,1659.15
40,male,29.9,0,no,southeast,6639.28
36,female,25.6,2,yes,southwest,44508.88
37,male,27.9,3,no,southeast,4489.9
27,male,36.7,0,yes,northeast,37420.05
60,male,34.1,2,yes,southeast,43702.96
39,female,42.4,1,no,southeast,23211.85
21,female,29.5,1,no,southwest,2062.56
44,male,27.7,1,no,southwest,7046.79
24,female,29.8,2,no,northwest,18861.0
62,male,34.4,0,no,northeast,11790.14
18,male,40.1,0,no,southeast,5741.25
32,male,36.9,2,no,southwest,49328.53
64,female,27.3,1,no,southeast,10433.38
20,male,37.5,1,no,southwest,2315.32
52,female,26.5,1,no,southwest,7085.31
35,female,34.1,2,no,southwest,36694.51
59,male,20.0,1,yes,northeast,23771.39
47,male,32.6,0,yes,southwest,41483.25
45,female,34.8,1,no,northeast,5200.87
60,female,31.1,1,no,northwest,4089.77
21,female,35.0,0,no,northeast,1557.72
18,male,41.1,1,no,southeast,11535.3
44,female,32.3,2,no,northeast,7170.11
49,male,37.8,2,no,northeast,8093.58
36,female,32.8,1,no,northwest,5260.08
31,female,26.3,0,yes,northeast,25299.02
51,female,33.4,0,no,northeast,9691.19
28,female,26.7,0,no,southwest,4329.49
28,female,21.8,0,yes,northwest,11700.97
59,male,25.4,1,no,northwest,1866.88
37,female,26.2,0,no,northeast,1738.81
48,male,34.1,0,no,southeast,21745.73
60,male,30.9,0,no,southeast,13276.25
48,female,28.7,1,no,northwest,11850.38
48,male,36.0,1,no,southeast,12973.31
23,female,25.8,1,no,northwest,3476.09
54,male,34.6,1,no,southwest,3317.91
28,female,31.9,2,no,southwest,15964.67
43,male,22.1,1,yes,southwest,19507.59
23,male,25.4,2,no,southwest,22289.94
29,female,25.3,1,no,northeast,6278.34
38,female,32.1,1,no,northeast,2339.16
30,female,39.8,3,no,southeast,8184.3
63,male,43.8,2,no,southeast,13173.03
37,female,31.9,0,no,northwest,8334.59
62,female,41.7,0,no,southeast,9608.68
23,female,30.1,3,yes,northwest,43627.7
28,male,31.7,0,no,northeast,35019.81
64,female,29.7,1,no,northwest,19691.28
19,male,20.4,3,yes,southeast,17259.27
33,male,39.3,1,yes,southwest,36108.42
32,male,42.4,2,yes,northwest,19686.51
29,male,26.3,0,no,northeast,27369.24
39,male,33.7,2,no,southeast,3678.03
50,female,45.3,0,no,southwest,5611.65
53,female,23.9,0,no,northeast,28374.28
63,male,24.7,3,no,northwest,1841.55
57,male,46.1,0,no,northwest,46997.02
51,female,42.4,1,no,northwest,4068.82
18,female,25.8,1,no,southeast,13429.49
43,male,39.1,2,no,northeast,40036.29
41,male,35.4,1,no,northwest,2322.62
24,male,30.2,0,no,northeast,8698.92
53,male,32.4,0,no,southwest,2108.53
54,female,27.9,2,no,southeast,30328.1
21,male,42.5,3,yes,northeast,10392.2
18,male,33.7,2,yes,southeast,45972.9
45,female,27.5,0,no,northwest,8232.65
29,male,17.3,1,yes,southeast,37323.83
22,female,22.8,0,no,southwest,12171.65
61,male,34.1,0,no,northwest,1577.91
30,male,33.6,0,no,northeast,10484.97
31,male,25.2,1,yes,southeast,27571.69
61,male,25.2,0,no,southeast,5588.03
64,female,37.9,0,no,northwest,3175.36
41,female,27.4,1,no,southwest,6715.04
21,female,21.8,0,no,southwest,14299.8
34,male,30.9,3,no,southwest,36647.56
48,female,29.3,0,no,northeast,13557.07
34,male,22.7,1,no,southeast,9716.84
41,female,24.3,0,no,northwest,8622.65
63,male,36.6,0,no,northeast,1893.49
38,female,35.2,0,no,southwest,5887.75
27,male,32.7,2,yes,southwest,44099.3
25,male,36.3,0,yes,northwest,44331.73
26,male,32.3,2,yes,northeast,48457.69
40,male,37.1,2,no,southwest,6684.87
21,male,41.9,0,no,northeast,35124.58
28,female,37.2,2,no,southwest,4636.45
61,female,27.1,0,no,southwest,18863.15
57,female,28.7,0,no,northeast,14275.91
63,female,25.7,2,no,southeast,6349.67
47,male,29.9,1,no,northwest,11258.53
21,female,26.0,0,yes,southeast,47970.25
36,female,39.7,2,no,southwest,7851.32
29,male,30.3,0,no,northeast,20510.74
62,male,26.5,4,no,northwest,12918.7
49,male,25.3,2,no,northwest,5002.78
48,male,24.3,4,no,northwest,12111.23
35,male,28.7,0,no,northwest,4302.61
25,female,32.5,1,no,northeast,10962.8
26,female,36.2,3,no,northwest,1756.75
33,female,38.8,2,no,southeast,5463.94
38,male,25.1,2,yes,northeast,44040.16
64,male,30.9,0,no,southeast,34799.62
63,female,31.7,0,yes,southeast,15206.37
25,female,27.1,0,no,southeast,26595.1
50,male,30.2,0,no,northwest,8368.38
58,male,30.0,1,no,northwest,3987.9
57,male,34.6,3,no,northwest,2909.59
52,female,25.7,1,no,northwest,19920.53
47,male,28.9,2,no,southwest,3191.57
24,female,35.8,2,no,southeast,1666.56
37,male,26.4,0,no,southwest,2615.74
58,female,36.3,1,no,northwest,3899.02
28,female,40.5,0,no,southeast,2005.4
45,female,31.0,3,no,southeast,8593.03
40,female,35.3,1,no,southeast,6252.12
61,male,37.9,0,no,southwest,7691.2
52,female,27.9,0,no,southwest,3791.94
58,female,28.7,0,no,southwest,11845.63
56,female,39.5,1,yes,northeast,37996.46
64,male,28.9,0,no,northeast,1297.31
58,female,34.8,0,no,northwest,12214.95
49,female,40.9,1,no,southeast,3885.64
40,female,27.1,0,no,southeast,2747.26
40,male,32.2,2,yes,northwest,39750.29
51,male,20.9,1,yes,northeast,41645.36
29,female,29.2,0,no,northwest,13071.17
32,male,17.7,0,no,southeast,9758.44
45,male,22.1,3,no,northwest,12429.82
40,male,22.8,1,no,southeast,6339.61
32,male,36.5,0,no,northeast,7790.18
38,male,37.4,5,no,northwest,4881.45
33,male,17.5,1,no,southwest,7207.15
22,male,25.4,1,no,southwest,24311.8
42,male,38.7,2,no,northeast,7181.66
53,female,25.3,2,yes,southeast,24216.75
60,female,30.0,0,no,southwest,9298.96
27,male,31.1,3,yes,southeast,39651.09
31,female,20.2,2,no,southeast,4696.42
33,male,30.3,4,no,northeast,10721.98
49,female,29.4,3,no,northeast,7709.0
62,male,28.9,0,no,northeast,4771.23
21,female,33.1,2,no,northeast,25568.01
53,male,27.5,0,yes,southwest,24131.42
51,male,33.7,0,no,southeast,21188.98
22,male,26.5,0,no,northwest,1791.22
54,male,39.1,1,no,southwest,4809.36
46,female,42.1,0,no,southeast,14513.13
20,male,26.5,1,no,northwest,10391.14
55,male,27.5,0,no,southeast,20324.52
23,male,28.5,2,yes,southeast,45827.75
58,male,32.9,0,no,northwest,3311.92
39,male,28.7,0,yes,southeast,22017.33
51,female,24.2,0,no,northeast,2466.97
36,male,25.9,3,yes,southwest,18782.82
18,female,34.4,0,yes,northeast,40308.58
46,female,37.0,1,no,southwest,5012.42
44,female,47.1,2,no,southwest,7549.71
51,female,37.3,0,no,southwest,6213.42
23,female,21.5,1,no,northwest,3398.2
48,female,34.6,2,no,northwest,12564.92
42,male,35.2,1,no,southwest,1838.19
29,female,29.8,0,no,southwest,1997.02
56,male,22.9,1,no,northwest,4155.25
53,female,43.1,1,no,southeast,10083.93
32,male,26.6,0,no,southeast,3678.07
47,male,28.6,1,yes,northeast,25573.5
39,female,34.9,2,no,northwest,11356.65
55,female,37.0,0,no,northwest,6120.89
36,female,29.8,0,no,northeast,7742.14
37,female,33.9,0,yes,southeast,39661.59
48,male,33.0,4,no,southeast,12955.57
36,female,29.8,1,no,southeast,5476.98
52,male,31.4,0,yes,southeast,43321.08
27,female,17.5,1,no,northeast,3970.77
49,female,29.0,1,no,southwest,6722.33
55,male,26.8,1,yes,southeast,19629.85
20,male,23.1,0,yes,southwest,21679.49
32,male,26.2,2,no,northeast,4700.38
64,female,25.4,0,no,northwest,2120.36
58,female,24.8,1,no,northeast,4274.81
28,male,29.8,3,no,southeast,14553.31
26,male,37.2,1,no,southeast,6829.6
44,male,28.6,1,no,southwest,9597.47
26,female,35.2,0,no,northwest,2472.06
63,male,41.0,0,no,southeast,1897.54
40,male,29.6,4,no,northwest,8091.75
40,male,18.8,0,yes,northwest,49201.52
53,male,33.6,4,no,southeast,8639.02
38,female,29.3,2,no,southwest,5350.14
21,male,26.6,1,no,northwest,5277.38
31,female,29.9,0,no,southwest,7884.9
25,female,36.1,1,yes,northwest,43113.7
54,female,33.7,1,no,northwest,3169.39
29,female,20.5,3,no,northeast,13472.17
30,female,33.4,2,no,northeast,2756.69
34,male,35.4,0,no,northwest,12466.05
19,male,30.9,0,no,northwest,1642.1
63,male,34.2,1,no,southwest,1477.11
61,female,42.4,1,no,southeast,8651.75
25,male,43.2,1,no,southwest,11785.64
19,female,23.7,0,no,northeast,14163.61
24,male,26.4,4,no,southwest,2508.27
32,male,31.4,3,no,northeast,11147.07
20,female,40.2,2,no,southeast,14967.48
53,female,36.9,0,yes,southeast,15148.98
42,female,21.7,4,no,northwest,9819.75
37,male,27.3,2,yes,southwest,18868.92
45,female,44.3,1,no,southwest,8468.37
51,male,36.4,1,yes,northwest,38198.48
42,male,24.4,3,no,southeast,6343.46
52,female,32.6,2,no,southwest,10189.21
24,male,32.5,3,yes,southwest,43612.06
53,female,34.2,0,no,northwest,10950.73
27,female,24.2,3,no,southeast,8860.42
58,male,31.3,0,no,southwest,11395.39
27,female,33.9,0,no,southeast,2466.44
46,male,24.7,1,no,northeast,8408.9
18,female,38.4,0,no,southeast,1811.03
29,male,35.0,3,no,southeast,10497.6
39,male,25.3,0,no,northeast,7341.19
23,female,31.9,1,no,northeast,6916.45
58,female,31.8,1,no,northeast,2639.67
51,female,39.0,0,no,southwest,5115.72
24,male,21.6,1,no,northwest,4281.0
49,female,26.6,1,no,southwest,11591.98
19,male,37.0,0,yes,northeast,37348.41
47,male,29.7,2,no,northeast,12065.94
19,male,20.9,0,yes,southeast,42215.23
28,female,20.4,0,no,southwest,8826.32
22,male,32.1,1,no,northwest,8088.88
45,female,24.0,2,no,southwest,6007.22
56,female,23.8,1,no,southwest,13087.13
19,male,32.8,2,no,southwest,6309.9
47,male,35.9,4,yes,northeast,28410.12
43,male,37.0,1,yes,southeast,40029.9
52,female,32.8,2,no,northeast,4903.0
40,male,24.1,2,yes,northeast,43124.08
60,male,27.0,1,no,northeast,9448.21
60,female,27.9,2,no,southwest,5415.25
46,male,25.4,1,no,southeast,4535.26
30,male,27.8,0,no,southwest,12516.94
38,male,47.4,1,no,southeast,7634.01
32,male,30.4,3,no,southwest,5381.63
61,female,37.9,1,no,northwest,3373.74
55,female,38.4,1,no,southwest,15803.82
32,male,39.1,1,no,southwest,16506.82
47,female,29.8,1,yes,northeast,19677.89
43,male,27.9,0,no,southwest,23028.89
32,female,30.7,2,no,southwest,9924.21
58,male,30.1,1,no,southeast,2962.31
54,male,29.0,1,no,southwest,6487.5
19,female,39.0,1,no,northeast,4820.39
50,female,28.1,2,yes,southwest,18730.0
42,female,28.3,1,yes,northwest,19834.61
37,female,22.9,3,no,northeast,4890.69
27,male,37.1,0,yes,northeast,37081.85
31,male,32.9,3,no,southeast,47037.09
28,male,31.2,1,no,northeast,3142.47
57,female,23.2,0,no,southeast,12551.38
42,female,27.6,1,no,northeast,6345.95
56,female,39.8,0,no,southwest,9900.0
47,male,25.5,2,yes,northwest,27336.72
59,female,31.9,0,no,northeast,48064.6
46,female,31.4,1,yes,northwest,36885.23
62,male,27.4,0,yes,southwest,22052.71
18,male,30.6,0,no,northwest,12436.92
43,female,30.9,3,no,northwest,23825.65
33,female,25.2,2,no,southwest,5416.67
23,female,38.1,3,no,southwest,12801.32
19,male,28.9,0,no,northwest,14414.73
21,male,27.7,0,no,northeast,2489.81
46,female,38.4,1,no,southeast,14343.29
39,female,30.1,1,no,northeast,19165.07
27,female,24.6,0,no,southwest,2254.22
29,female,33.7,2,no,northwest,4305.01
23,female,21.6,2,no,northeast,5043.16
33,male,31.0,1,yes,northwest,39154.9
63,male,35.4,0,no,northeast,1508.28
40,female,24.3,2,no,southwest,7950.61
50,male,34.4,1,no,northeast,11010.84
21,male,47.6,0,no,northeast,14938.13
32,male,34.7,2,no,southwest,3448.0
57,male,28.5,1,yes,southwest,18462.57
23,female,38.9,0,no,northeast,14360.24
32,female,31.5,2,no,northeast,4653.49
27,male,36.4,2,no,southeast,3324.87
43,male,26.6,3,yes,southeast,18713.07
52,female,31.5,0,no,southeast,1768.73
54,male,25.9,2,no,northeast,10564.08
62,male,28.0,3,no,northeast,14345.57
27,female,25.7,0,no,northeast,13253.56
57,female,23.0,0,no,southeast,8817.71
24,female,29.1,0,no,northeast,3193.33
46,male,19.9,1,no,southwest,8399.85
18,female,28.3,0,no,southwest,13134.94
49,female,31.6,2,no,southwest,9221.09
49,female,46.8,3,yes,northeast,19264.58
22,female,39.0,0,no,southwest,9345.09
30,male,28.5,1,no,northeast,12718.09
22,female,32.7,2,no,northwest,8845.04
52,female,28.1,2,no,northeast,1764.05
57,male,28.6,1,no,northwest,28591.86
60,male,36.9,2,no,northwest,10920.57
49,male,37.1,2,no,northeast,20569.52
23,male,29.8,1,no,northwest,4821.45
38,male,25.6,1,no,southwest,26106.46
32,female,32.1,2,no,southwest,10088.67
19,male,37.5,2,no,northeast,6444.43
37,male,28.6,1,no,northeast,6392.95
30,female,30.8,0,no,southeast,8009.49
25,female,29.1,1,no,southeast,9105.71
64,male,39.4,0,no,southeast,1829.25
25,male,32.1,0,no,northwest,12271.66
53,male,29.5,1,no,southwest,11901.97
27,male,26.3,0,no,southeast,6853.67
34,female,21.7,0,no,northeast,2067.95
53,male,40.6,3,no,northeast,1155.25
39,female,28.5,0,no,southwest,6258.34
50,male,35.4,0,no,northeast,13414.29
38,male,28.2,1,no,northeast,10986.4
25,male,30.6,1,no,southeast,3287.04
56,female,30.7,0,no,southwest,2714.79
25,female,21.8,3,yes,southeast,17778.34
22,male,36.8,0,no,southwest,14178.19
35,male,30.3,0,yes,northeast,36364.6
41,male,38.8,3,no,southeast,6455.67
33,female,34.6,1,no,southwest,6239.1
32,male,29.6,1,no,southwest,24393.23
37,female,24.0,1,no,northeast,4221.19
54,male,25.2,2,yes,northeast,50120.03
20,male,24.7,1,no,southeast,1865.58
52,male,25.8,1,no,northwest,7899.29
55,female,36.2,2,yes,northwest,42358.22
47,male,39.8,0,no,southwest,11435.16
41,female,25.0,4,no,northwest,12367.13
62,male,27.8,1,no,southwest,13582.69
40,male,28.6,1,no,northeast,23466.02
48,female,27.5,1,no,southwest,10743.1
51,male,32.3,2,no,northeast,5509.58
33,male,31.0,1,no,northeast,2516.65
62,female,22.8,0,no,northeast,13879.69
23,female,30.0,0,no,northeast,4399.35
57,male,25.7,2,no,northwest,2782.31
43,male,24.2,1,no,northwest,8688.83
49,male,33.3,0,no,southwest,9982.79
56,female,29.3,0,no,northwest,3374.2
51,female,39.2,0,no,southeast,2246.5
37,male,22.3,1,no,northwest,1811.51
51,male,40.5,3,yes,northwest,33284.65
18,female,28.2,0,yes,northeast,13499.67
46,female,26.9,2,no,southwest,8899.11
46,male,34.3,1,no,southeast,5798.45
32,male,33.6,3,no,northeast,5763.28
31,female,28.3,0,no,southwest,11769.37
54,female,34.4,2,no,southeast,4495.69
56,male,41.5,1,yes,northeast,44225.45
30,female,37.7,0,no,southwest,2241.98
47,female,36.6,1,no,southwest,9521.98
48,male,38.3,1,no,southeast,6352.49
52,female,34.9,2,no,southwest,5615.9
22,male,34.4,0,no,northwest,2582.23
31,male,20.7,0,no,southeast,4344.59
26,male,38.2,1,yes,southeast,42944.78
46,female,36.4,2,no,southeast,2494.73
33,male,36.6,2,no,northwest,6176.95
19,male,32.2,2,no,northwest,8508.36
64,male,17.3,0,yes,southwest,27366.3
48,male,22.3,0,no,northeast,20740.53
26,female,26.8,2,no,southeast,14314.22
40,female,26.6,2,no,southeast,8653.42
26,female,40.2,1,no,northwest,12465.3
36,female,27.0,0,no,northwest,10595.17
61,female,29.1,3,no,southwest,7752.11
18,female,28.6,0,no,northeast,5694.98
34,female,19.8,0,no,southeast,14443.68
51,male,28.9,2,no,northeast,11556.83
27,male,25.2,1,no,southeast,3310.15
36,male,28.1,2,yes,northwest,19706.4
31,male,24.1,1,no,southwest,4241.0
58,male,17.4,0,no,southwest,12256.47
26,female,21.9,0,no,southeast,17368.14
35,male,47.7,0,no,southeast,11458.63
36,female,24.2,0,no,northeast,6762.89
62,female,31.4,0,no,southwest,13002.26
58,male,47.3,0,no,southwest,4607.36
40,female,28.6,0,no,northeast,6820.14
25,female,27.1,0,yes,southwest,35631.75
48,female,40.0,1,no,northwest,9681.59
54,female,34.3,3,no,southeast,4328.94
43,male,28.8,3,no,northeast,11455.72
31,female,25.6,0,no,northeast,6377.87
39,female,24.0,0,no,southwest,2148.49
38,female,30.8,3,no,northeast,6007.58
21,male,20.4,0,yes,northwest,50940.77
41,male,33.2,1,no,southeast,6571.24
50,male,37.0,1,no,southwest,1923.0
23,male,35.9,3,no,southwest,44977.59
27,female,29.9,0,no,southwest,1766.39
46,female,30.3,3,no,southwest,34007.17
23,female,29.8,1,no,northwest,2826.13
56,female,27.3,0,no,southwest,11423.15
54,female,38.7,4,yes,northeast,11021.57
62,male,31.6,0,no,northwest,12075.25
36,male,33.3,1,no,southeast,6444.28
29,female,22.6,2,no,northeast,11691.91
24,female,27.1,0,no,northwest,3561.67
31,male,21.9,1,no,southeast,8596.17
56,female,39.8,0,yes,northwest,21869.48
37,male,39.8,1,no,southeast,11298.32
23,male,33.6,2,yes,northeast,44631.48
35,male,28.7,0,yes,northwest,29798.86
40,female,21.4,0,no,northeast,28949.36
45,female,47.6,1,no,southwest,9655.8
47,male,26.9,0,no,northeast,10653.89
55,male,31.7,0,no,northwest,14156.07
64,male,20.9,3,no,southwest,29085.24
61,female,36.8,0,no,northwest,8488.79
18,male,33.0,0,no,southeast,1231.71
22,female,42.2,3,no,southwest,10075.86
55,male,30.8,3,no,southeast,1633.92
40,male,37.1,2,yes,southwest,42404.86
63,female,37.6,3,no,northwest,4589.25
28,male,23.4,0,no,southeast,4340.67
42,female,31.6,2,no,southeast,8246.55
22,male,42.5,3,no,southwest,4189.97
51,female,31.4,0,no,southwest,13106.08
33,male,29.8,1,yes,northwest,19506.59
34,female,31.3,3,no,northwest,7936.19
31,female,29.0,1,no,southwest,11378.93
54,female,26.3,1,no,northeast,32958.22
52,female,37.6,0,no,southwest,1766.73
54,female,22.0,2,no,northwest,4111.46
19,male,31.6,4,no,southwest,3981.49
55,female,30.9,0,no,northwest,2145.56
45,female,27.8,1,no,northwest,5291.19
57,female,35.1,1,no,southeast,4196.07
52,female,38.7,3,no,northwest,9921.37
39,male,25.0,3,no,southwest,6896.26
43,male,22.4,4,no,southwest,8689.88
20,female,28.6,0,yes,southeast,19549.99
48,female,44.4,0,no,southeast,6405.75
24,female,26.1,2,no,southeast,11884.45
50,male,26.2,0,no,southeast,10142.0
61,male,20.3,0,no,northwest,5833.19
58,female,28.6,0,no,southwest,5243.81
55,male,28.3,1,yes,southeast,19725.39
18,male,26.6,3,no,southwest,9242.14
18,male,21.2,0,no,southeast,1726.55
19,female,17.5,0,yes,southwest,16565.12
20,male,18.7,3,no,northeast,5061.88
59,male,27.7,0,no,southeast,9832.97
49,male,27.3,0,no,northwest,6257.03
19,male,42.4,0,no,northeast,2737.36
34,female,47.6,1,no,southwest,6870.88
27,male,46.0,0,no,southeast,4354.05
28,male,26.8,1,no,southwest,3265.0
39,male,28.3,4,no,northeast,23426.06
31,female,27.8,2,yes,northwest,24398.33
36,female,31.7,2,no,southeast,33247.12
30,female,25.7,2,yes,southeast,23524.91
43,male,24.8,2,no,northwest,8310.88
60,male,34.7,4,no,northwest,14114.95
34,female,26.8,1,no,northeast,11585.58
37,female,36.4,0,no,southeast,1663.78
28,female,17.3,1,no,southwest,6275.04
24,male,30.3,3,yes,northeast,43504.85
62,male,24.5,1,no,northwest,6522.98
50,female,32.4,0,no,northeast,6375.77
46,male,25.5,5,no,northeast,9306.56
32,male,35.7,2,no,northwest,7820.15
45,female,31.1,1,no,northwest,11822.88
44,female,33.9,3,yes,northeast,39849.56
19,female,23.7,0,yes,northwest,16662.93
57,female,31.8,0,no,southeast,5797.26
34,male,32.4,1,no,southwest,37859.77
63,female,36.0,0,no,southeast,13236.87
44,male,28.5,2,no,southeast,7780.74
61,male,28.1,0,no,northeast,13829.28
28,male,26.3,0,no,northeast,3126.12
61,female,35.1,0,no,southeast,11780.78
44,male,29.1,0,yes,northeast,23788.74
44,male,29.6,1,no,southeast,3701.44
19,female,36.8,0,no,northwest,15191.93
45,male,22.1,2,no,southwest,5071.09
21,male,38.3,2,no,southwest,4413.94
45,male,25.0,0,no,northwest,9445.8
32,male,28.8,0,no,northeast,21160.04
57,female,27.7,0,no,southeast,7124.17
45,male,35.2,4,no,northeast,7252.06
49,male,24.4,0,no,northwest,2629.71
58,male,27.5,1,yes,northwest,21775.92
60,female,23.7,2,no,northeast,24675.74
39,female,20.1,1,yes,southeast,18687.05
43,female,28.6,0,no,southwest,7340.28
24,male,38.6,1,no,northwest,4495.18
31,female,42.4,1,no,northeast,8303.3
29,female,27.0,1,no,southeast,3415.48
39,male,26.8,1,no,southwest,21278.13
53,female,47.4,2,no,northeast,11495.22
48,female,33.3,5,no,northeast,10124.16
18,female,25.7,3,yes,southeast,22114.2
32,male,27.8,0,yes,southwest,23556.5
49,male,40.8,0,yes,northeast,28780.52
32,female,39.9,0,no,southwest,8471.64
63,female,25.0,1,no,southwest,4021.88
20,male,24.1,0,yes,northwest,21643.63
19,male,32.1,3,no,northwest,1766.66
51,female,31.5,0,no,northwest,4699.71
44,male,22.9,2,no,northwest,4078.66
30,female,32.2,1,no,southeast,7030.74
52,female,30.0,0,no,northwest,5304.19
22,male,34.1,0,yes,southwest,38190.78
26,female,24.6,0,yes,northeast,23333.17
19,male,39.0,0,no,southwest,1829.2
58,male,25.8,5,yes,northwest,50571.79
47,female,24.4,1,no,northeast,14323.65
58,male,34.4,0,no,northeast,10875.85
42,male,26.1,3,yes,northwest,34658.2
31,female,30.5,2,no,northeast,5564.36
29,female,35.5,2,no,southwest,5298.83
42,female,32.4,1,no,southwest,10841.83
48,male,31.0,1,no,northwest,6193.64
45,male,46.4,1,yes,southeast,37715.13
20,male,26.6,0,no,southeast,10363.35
49,female,35.2,1,no,southeast,1828.37
59,female,32.0,0,no,southwest,1984.52
51,female,27.6,0,yes,southwest,45087.95
34,female,34.3,1,no,southeast,12988.35
49,male,27.6,2,no,southwest,4988.24
18,female,33.4,0,no,northeast,13321.41
56,male,30.6,2,no,southwest,3564.39
52,female,26.7,0,no,northwest,11196.96
59,male,35.5,0,yes,southeast,51006.25
34,female,24.0,1,no,southwest,4746.18
36,female,27.5,2,no,southwest,6268.91
58,male,30.5,1,no,northeast,19235.45
50,male,30.5,4,no,southwest,8749.34
35,male,40.4,1,yes,southeast,38337.71
29,male,20.4,1,no,northwest,3601.97
19,female,24.2,0,yes,southwest,36894.32
19,female,20.3,1,no,northwest,5311.64
31,male,28.1,0,no,northeast,7115.61
53,female,25.1,1,yes,northeast,20003.5
60,male,40.1,3,yes,northwest,19465.77
21,male,23.7,0,no,southeast,11346.12
24,male,25.4,0,no,southeast,2067.73
22,male,31.4,1,yes,northeast,46218.54
28,male,33.3,3,no,northwest,2117.4
50,female,31.6,0,no,northwest,2053.92
61,male,31.6,0,no,southeast,13413.71
44,female,33.7,3,no,southwest,7482.26
28,male,35.8,3,no,northwest,2003.05
18,female,38.1,0,no,southeast,2246.42
55,female,37.6,0,no,northwest,8605.58
24,female,22.1,0,no,northeast,2583.67
19,male,30.6,0,no,southeast,1243.31
20,female,35.5,1,no,northwest,4198.84
56,male,23.4,1,no,northeast,28758.57
29,female,24.9,2,no,northwest,5352.88
62,male,32.4,1,no,northwest,2584.99
19,female,26.7,0,no,southwest,4310.6
28,female,39.5,2,no,northwest,3156.61
38,female,32.3,2,no,northwest,5279.32
54,male,28.7,1,no,southwest,11464.94
56,female,36.4,0,yes,northeast,45767.52
62,male,29.2,0,no,southeast,2756.35
60,male,27.0,2,yes,southwest,45507.65
40,female,38.3,0,no,southeast,12353.85
57,male,26.6,0,no,northeast,22321.66
28,female,35.8,0,no,southeast,3110.45
18,female,37.3,3,no,southwest,35482.52
50,female,30.2,1,no,northeast,8320.77
34,female,37.4,3,no,southwest,6102.59
60,male,40.4,1,no,southwest,4024.83
35,female,35.5,0,no,southwest,12253.79
36,female,23.7,2,no,southwest,6418.9
18,male,33.0,0,no,southeast,1710.29
24,male,21.1,0,yes,southeast,14281.87
22,female,25.6,0,no,southwest,3753.99
42,female,37.1,2,no,southwest,5757.64
20,male,35.7,1,no,northeast,14623.48
62,female,30.4,0,no,southeast,6113.08
56,male,32.6,1,no,southeast,5913.55
53,female,26.4,1,no,northwest,5310.92
51,female,21.7,0,no,southwest,14349.43
49,female,30.5,0,no,southwest,13296.26
28,female,31.9,3,no,northwest,1522.81
45,male,30.8,2,no,northeast,21888.7
54,female,33.7,0,no,northeast,11561.4
48,male,44.3,0,no,northeast,5446.69
58,male,29.8,2,no,southwest,2962.45
39,female,26.1,1,no,northeast,10020.88
21,female,33.8,3,no,southwest,7900.59
60,male,36.3,0,no,southeast,1647.06
19,male,30.5,0,yes,southeast,38249.21
28,male,27.2,2,no,southeast,9826.41
41,female,28.2,0,no,southwest,7191.33
52,female,40.3,0,no,northeast,13343.81
55,male,30.3,2,no,southeast,51780.3
44,female,22.0,1,no,northwest,4698.56
54,female,41.9,1,no,northeast,3414.68
45,female,25.4,2,no,southwest,4643.66
27,male,32.5,3,no,northeast,10441.77
54,male,25.7,2,no,southeast,6400.11
35,female,30.4,2,yes,northwest,43006.51
53,male,25.7,0,no,northwest,19801.38
49,male,19.6,1,no,southeast,8710.14
21,male,20.2,1,no,southwest,14328.81
50,male,34.2,0,no,northeast,10651.58
64,male,29.6,1,yes,northwest,19083.65
33,male,34.8,0,no,northeast,12482.81
19,male,31.4,1,no,southeast,2282.52
46,female,25.4,1,no,northwest,3187.12
55,female,33.3,0,no,southwest,13283.76
19,female,36.6,2,no,southwest,4605.92
37,female,34.7,0,no,southwest,18297.82
18,male,37.4,0,no,southeast,12799.9
52,female,34.2,0,no,southeast,7803.59
43,male,18.3,1,no,northeast,1213.65
27,female,29.2,2,no,southwest,9110.91
29,female,30.1,3,yes,southeast,44152.87
35,male,22.7,1,no,northwest,13513.27
51,male,26.3,1,no,northeast,9747.38
56,male,27.0,0,no,northeast,10188.91
29,male,31.1,2,no,northwest,5169.95
21,female,34.0,2,no,southeast,3872.81
39,male,34.4,0,no,southeast,5695.84
47,female,26.0,0,no,northeast,1937.06
21,male,33.3,0,no,southwest,13170.25
40,female,36.1,3,yes,northwest,16819.61
63,female,30.2,1,no,southwest,10796.79
58,male,39.5,0,no,southeast,1535.98
21,male,32.8,0,no,northwest,12610.21
25,male,32.3,2,no,northwest,7272.1
42,female,40.5,3,no,southwest,5607.85
19,female,47.6,0,yes,northeast,16285.86
18,male,30.8,0,no,northwest,1725.48
35,female,34.6,0,no,northwest,11358.87
30,male,33.2,0,no,northwest,2785.76
28,female,31.4,2,no,northwest,10439.84
20,female,35.8,0,no,northwest,4624.98
46,male,30.9,2,yes,southeast,47021.29
59,female,45.0,0,no,southeast,1973.92
24,male,37.4,1,yes,southeast,37438.92
47,male,27.4,1,no,northeast,2285.03
29,male,22.3,3,no,northeast,9473.33
49,female,26.5,0,no,northeast,13616.64
23,female,35.9,0,no,southwest,6097.8
21,male,30.8,0,no,southwest,3267.61
20,male,29.7,0,no,southeast,10994.56
47,female,22.9,1,no,northeast,8697.42
18,male,31.0,0,no,southeast,1619.33
32,female,24.7,2,no,northeast,3297.84
23,female,33.0,0,no,northeast,2232.45
29,male,33.1,0,no,northeast,10146.97
19,male,29.8,1,no,southwest,9759.83
38,male,42.6,2,no,northwest,6531.6
44,female,23.2,2,yes,northeast,38421.4
37,female,28.3,1,no,northwest,9222.61
21,male,22.1,1,yes,northwest,24271.99
61,male,36.4,0,no,southeast,1270.83
22,female,22.9,2,no,northwest,6391.21
19,female,29.7,3,no,northwest,12378.02
